Model,MAE,MSE,R2
model_regression_anomaly_train.pkl,4.096317842998079,26.902082886194094,0.9984446213688588
model_regression_normal_train.pkl,3.6913441010962442,22.267528519039598,0.9987102301952766
